<Ui xmlns="http://www.blizzard.com/wow/ui/">		
	<Script file="oUF_AuraWatch\oUF_AuraWatch.lua"/>
	<Script file="oUF_AuraBars\oUF_AuraBars.lua"/>
	<Script file="oUF_RaidDebuffs\oUF_RaidDebuffs.lua"/>
	<Script file="oUF_DebuffHighlight\oUF_DebuffHighlight.lua"/>
	<Script file="oUF_Smooth\oUF_Smooth.lua"/>
	<Script file="oUF_Trinkets\oUF_Trinkets.lua"/>
	<Script file="oUF_DruidMana\oUF_DruidMana.lua"/>
	<Script file="oUF_CombatFader\oUF_CombatFader.lua"/>
	<Script file="oUF_ArcaneCharge\oUF_ArcaneCharge.lua"/>
	<Script file='oUF_Anticipation\oUF_Anticipation.lua'/>
	<Script file='oUF_PVPSpecIcons\oUF_PVPSpecIcons.lua'/>
	<Script file='oUF_GPS\oUF_GPS.lua'/>
</Ui>