<Ui xmlns="http://www.blizzard.com/wow/ui/">	
	<Script file='misc.lua'/>
	<Script file='bgmap.lua'/>
	<Script file='calendar.lua'/>
	<Script file='achievement.lua'/>
	<Script file='lfguild.lua'/>
	<Script file='inspect.lua'/>
	<Script file='binding.lua'/>
	<Script file='gbank.lua'/>
	<Script file='archaeology.lua'/>
	<Script file='guildcontrol.lua'/>
	<Script file='guild.lua'/>
	<Script file='garrison.lua'/>
	<Script file='tradeskill.lua'/>
	<Script file='raid.lua'/>
	<Script file='petbattle.lua'/>
	<Script file='talent.lua'/>
	<Script file='collectables.lua'/>
	<Script file='glyph.lua'/>
	<Script file='auctionhouse.lua'/>
	<Script file='barber.lua'/>
	<Script file='macro.lua'/>
	<Script file='debug.lua'/>
	<Script file='trainer.lua'/>
	<Script file='socket.lua'/>
	<Script file='alerts.lua'/>
	<Script file='bgscore.lua'/>
	<Script file='merchant.lua'/>
	<Script file='mail.lua'/>
	<Script file='help.lua'/>
	<Script file='trade.lua'/>
	<Script file='gossip.lua'/>
	<Script file='greeting.lua'/>
	<Script file='worldmap.lua'/>
	<Script file='taxi.lua'/>
	<Script file='quest.lua'/>
	<Script file='petition.lua'/>
	<Script file='dressingroom.lua'/>
	<Script file='pvp.lua'/>
	<Script file='nonraid.lua'/>
	<Script file='friends.lua'/>
	<Script file='spellbook.lua'/>
	<Script file='character.lua'/>
	<Script file='lfg.lua'/>
	<Script file='tabard.lua'/>
	<Script file='guildregistrar.lua'/>
	<Script file='timemanager.lua'/>	
	<Script file='encounterjournal.lua'/>
	<Script file='bags.lua'/>
	<Script file='transmogrification.lua'/>
	<Script file='voidstorage.lua'/>
	<Script file='stable.lua'/>
	<Script file='blackmarket.lua'/>
	<Script file='itemupgrade.lua'/>
	<Script file='losscontrol.lua'/>
	<Script file='loot.lua'/>
	<Script file='questchoice.lua'/>
	<Script file='deathRecap.lua'/>
</Ui>